Date,Open,High,Low,Close,Volume,Market Cap
Jan-17-2023,0.021276456074812045,0.021435782907485476,0.020739534239505544,0.020782566661287374,34125.756448739034,23088255.463676482
Jan-16-2023,0.023347640662531467,0.023864007592989248,0.02075775067894635,0.021091822610910534,47837.74954450088,23742592.356938165
Jan-15-2023,0.01957704126845659,0.025113164762588985,0.01957704126845659,0.02356898820010692,38868.34116859703,22920709.4790455
Jan-14-2023,0.020923375446328205,0.020955133359531863,0.01949274834858132,0.019627914943938285,27224.760762674825,22141548.574355885
Jan-13-2023,0.01950727592148556,0.02131137048306967,0.019024970978167088,0.020631935068771274,30705.538232251743,21722127.01090003
Jan-12-2023,0.019209331656339843,0.01978404056510536,0.019031668546997803,0.019250866441386363,26036.867726999564,21298812.639321987
Jan-11-2023,0.019542139027709668,0.019609379759018185,0.018010660345406312,0.019233522049612373,23397.77254600392,20900278.79088829
Jan-10-2023,0.01819303908800927,0.031268463147176476,0.01787130717102816,0.019593657413329225,22595.408615757042,20591379.668139912
Jan-09-2023,0.018855738636314665,0.018990690013132507,0.017923432977217053,0.017958182758126873,29090.02308485243,20353797.5152815
Jan-08-2023,0.018645407057405014,0.0189202156583513,0.018294416340959505,0.018851499438338415,30087.93335639106,20388509.0803511
Jan-07-2023,0.01890234314698991,0.019336386781309726,0.018241867519636537,0.018412389521615204,24636.905136855334,20675326.45120522
Jan-06-2023,0.019156530516406783,0.019310584083941706,0.018514540276539017,0.018860584405972682,25336.30044098432,20738074.12308344
Jan-05-2023,0.019173531567905147,0.019385942316980233,0.018674667531637747,0.019248190882735085,25981.277097902097,20808272.873053953
Jan-04-2023,0.018901661735517376,0.019287941769364953,0.0186405077759214,0.01897073828282117,21044.639542955138,20794542.535496518
Jan-03-2023,0.01887862592167007,0.019109078603366907,0.01819335857378206,0.018967791978861427,23281.766796875,20386362.250064332
Jan-02-2023,0.01828941149827873,0.021619139176699765,0.018256018398771806,0.019052170819767796,27865.97618950738,20546908.538178887
Jan-01-2023,0.018203876119804053,0.018528400392451905,0.017806314559775122,0.018475426088205,26047.649145851672,19860255.710554432
Dec-31-2022,0.018985784780738597,0.02216617070230259,0.017331055926147632,0.018190734072316674,21606.107163068682,20092683.138282023
Dec-30-2022,0.019366991218963646,0.02021173468288974,0.018881335426860168,0.018977816142923647,19934.205577256944,21604019.60771801
Dec-29-2022,0.019555424964716153,0.01976043878124727,0.019236464305996154,0.019588786572406754,24426.769117567273,21374354.514263738
Dec-28-2022,0.01970135806916532,0.019917165839115687,0.019310503256770778,0.019356987097190324,24764.832675509984,21455279.209895086
Dec-27-2022,0.019939912182874324,0.020322442120826848,0.01940332685645777,0.019793122791175673,20146.995473597173,21802944.670183472
Dec-26-2022,0.02006621724619409,0.020259831809879822,0.019679996067107873,0.01992787913484472,20447.322574013157,21864280.54970449
Dec-25-2022,0.0196190672783728,0.02024928238133036,0.019509223855075367,0.019729769204629707,21053.177536330855,21781402.284742665
Dec-24-2022,0.0201138114089326,0.020697476729789357,0.019601335685950586,0.019698716585326237,22448.875880954984,21857376.54369047
Dec-23-2022,0.01995399692946984,0.020177417587945383,0.01951861447827457,0.02013606237760715,24609.832241482203,21840281.496479366
Dec-22-2022,0.019776080337644504,0.02096657983580516,0.01948983667019336,0.019932422289154574,34874.85489710366,21970387.35876165
Dec-21-2022,0.020947297509109855,0.021684695214655766,0.01948565443710617,0.01979796636344272,30762.290648138067,22498767.151205707
Dec-20-2022,0.02105138037568517,0.02331465589047998,0.02059716794635292,0.020878046997728456,51851.878507372356,22930268.333241235
Dec-19-2022,0.02085474918276164,0.021348760605836042,0.02032805895118623,0.021030828031901268,65048.99910280477,22833763.561820447
Dec-18-2022,0.02057819649838825,0.022086237447670864,0.02043428894167188,0.020951840562108685,64541.0370539672,23048975.749359302
Dec-17-2022,0.021373474898464362,0.021769859986969717,0.020468278963664283,0.020581549367085537,59335.55464623679,23461317.27414146
Dec-16-2022,0.02086351117243332,0.02259209745571134,0.020828409013522613,0.021334333590046724,64004.51910031139,23583791.40977026
Dec-15-2022,0.021446974067821995,0.02207491033898455,0.020634510465612623,0.020844796505497584,62142.7830392264,23400932.346584223
Dec-14-2022,0.02253031926745442,0.02275876531331107,0.021311330267925453,0.02138286389711463,67438.74068401528,24089639.173106346
Dec-13-2022,0.022750544997805038,0.023239054132715396,0.02244791941221204,0.02244791941221204,73932.84254159173,24995474.229029626
Dec-12-2022,0.022902661480598357,0.02524589132080233,0.022660583593114365,0.022843516415634795,83593.07198454798,25718038.44100353
Dec-11-2022,0.02515642565689763,0.025271013176847597,0.021686549170342427,0.022902661480598357,71839.73943803649,25189539.73814733
Dec-10-2022,0.024940349022417877,0.02622663777590483,0.024326177117400406,0.02515642565689763,53210.37834087171,27408802.192485936
Dec-09-2022,0.02457474916379584,0.025602238384323215,0.0242149962102784,0.024958999553159552,54268.84278150826,27422170.7139472
Dec-08-2022,0.023802504021467455,0.024652009453817944,0.02270937873489062,0.02457479849300918,63373.96946022727,26177633.03770234
Dec-07-2022,0.024859065423564974,0.025599156018519344,0.0236872457361487,0.02387593957447379,76679.6323016827,26718313.385805935
Dec-06-2022,0.025246759964435664,0.026104181109495563,0.024567861226982863,0.02488543490637963,69183.7505437271,27666605.41677868
Dec-05-2022,0.02476440657209096,0.026235495748007487,0.024705915163989848,0.025305969785708045,76436.3244830827,27756246.066657096
Dec-04-2022,0.024587985423591235,0.026348864029530808,0.024491443686877407,0.02480518985401523,69020.41129127359,27674171.085618787
Dec-03-2022,0.024816723433055618,0.02506081090072416,0.022842174445283307,0.024526428197792053,86917.93784340659,25855310.73280774
Dec-02-2022,0.0233451345699292,0.02591754734140511,0.020727178296982576,0.02479178931387091,82490.8556694664,25570911.902637426
Dec-01-2022,0.019826173152916248,0.02269304900047922,0.019597232984779812,0.02269304900047922,54418.90834960937,21888732.184465628
Nov-30-2022,0.019744326672728352,0.020022402178072884,0.01911954300379649,0.019808545287564507,45438.49677734375,21495731.486195106
Nov-29-2022,0.01986172028844454,0.02068875260389334,0.019655651600508493,0.019749020179998685,54844.95738220215,22122977.612854816
Nov-28-2022,0.020236312554526285,0.020704902988686616,0.019432457189668344,0.020016483581834856,60086.90219298246,21875382.80040617
Nov-27-2022,0.02002721229414868,0.020822360529057587,0.019416013934565005,0.020036753427746384,57339.89384273831,22016272.087529473
Nov-26-2022,0.020059994904726187,0.020472737153421322,0.01969832544322042,0.019990136688812603,44996.43041356877,21903856.05853954
Nov-25-2022,0.020119088193212877,0.02101819767501046,0.019621943165558584,0.020134021133417734,34121.71564592634,22132424.869125273
Nov-24-2022,0.020036938639652294,0.021371030450380267,0.019406498077602877,0.020255594813522338,63534.22688109486,22384219.79318483
Nov-23-2022,0.020985887143924763,0.021151534289396368,0.01961931179208839,0.019984483113968447,75820.4238418794,21953061.15488959
Nov-22-2022,0.021228918302469875,0.022928297604460635,0.01922210293019641,0.0211942628837385,107147.44954885563,22592862.850987762
Nov-21-2022,0.019945383317856308,0.02129860562955813,0.019425381227672622,0.021189064594010883,65258.672661675344,21933950.963118583
Nov-20-2022,0.018740706118525494,0.021113565091284668,0.018470317409092253,0.02012661055092209,81697.29283311631,21622839.864402063
Nov-19-2022,0.018002699515049396,0.02209323457884498,0.017638073093419936,0.018851273213512487,92579.91183810764,20794989.630794145
Nov-18-2022,0.01512615116791972,0.02053820449604342,0.015061525741594535,0.01817798773224372,72698.50704225352,18076735.77438059
Nov-17-2022,0.014344273613639536,0.01563197300324915,0.014270113652878853,0.015157717467382203,114859.70279017858,16077701.062386012
Nov-16-2022,0.014567359130415878,0.014846103265882992,0.013773339754530888,0.014496707683320658,109919.33160932055,15682666.576461878
Nov-15-2022,0.014257624986953592,0.01714512610924525,0.013340339193254586,0.014732599199954623,74926.27338324653,16251941.162511997
Nov-14-2022,0.012890176532374415,0.01679314119437575,0.01221105496706643,0.014353776546772182,53256.04471842448,14422011.650726648
Nov-13-2022,0.012551475181386341,0.014544799165438051,0.012090553331483908,0.012985635728855223,72285.60550958189,14428284.289045686
Nov-12-2022,0.014629448655671694,0.01860788035514305,0.011800591572410781,0.012537378171154757,82553.65371024735,15897162.29109989
Nov-11-2022,0.008811716814851185,0.01462553951157722,0.008716726751274651,0.014570015706441132,91790.6174655249,13102903.983265834
Nov-10-2022,0.009994449740733463,0.011642260432591858,0.008229602965678559,0.008784835910326104,87435.5986328125,11012618.466749564
Nov-09-2022,0.007808627080815538,0.011225540139591712,0.006341454765766875,0.009974264594326127,165192.25707752613,10049591.487209728
Nov-08-2022,0.013584992743745831,0.013584992743745831,0.007659716674740071,0.007839330616261964,280206.84490536974,12750257.855684208
Nov-07-2022,0.016371956047536364,0.016824950737702214,0.013287925856651244,0.013287925856651244,268357.9716117216,17120891.14109316
Nov-06-2022,0.017285034472806816,0.01762519987472906,0.01607911474118933,0.016371956047536364,282643.76231971156,18254822.20467067
Nov-05-2022,0.0172923808945629,0.020898214291325132,0.017027495087388177,0.01730172309077111,247218.35192137808,20354818.8497028
Nov-04-2022,0.016631962443389173,0.017345580724335286,0.016557776299438446,0.017178968774353244,159966.27087135037,18452387.354195934
Nov-03-2022,0.015778013045883107,0.016703724487146784,0.015697937930004305,0.016627215773656372,148236.58368549822,17733799.704222735
Nov-02-2022,0.015509471028204921,0.016466175991747708,0.0154160885190962,0.015731900290515924,183483.81116403345,17362473.507992856
Nov-01-2022,0.016148913132434658,0.016536564959642088,0.015383718715446144,0.015521565353569163,173130.01214067944,17396746.84836302
Oct-31-2022,0.01655242334309471,0.016673610625077398,0.015910231691188836,0.01619281193718127,217413.3982747396,17742979.303103313
Oct-30-2022,0.016551349565388326,0.016687398872725124,0.015727859022449654,0.016500064309147237,275014.6014254386,17731958.480016634
Oct-29-2022,0.01764441240841698,0.017749121574706615,0.016489584242637252,0.016601232174472777,264929.29600391985,18803025.759595968
Oct-28-2022,0.017778352544492153,0.01798461763233897,0.017487600045999342,0.01768020450479044,200226.17021276595,19452795.301711727
Oct-27-2022,0.017610980462168784,0.01790037521145006,0.0173420171213354,0.017775818383959065,171199.11231489546,19274975.24683404
Oct-26-2022,0.017606200243722964,0.019442872627745935,0.017416373440072512,0.017693022403864802,167533.70637320788,19365779.326993987
Oct-25-2022,0.01826091568698782,0.01831048407834165,0.01725798131090338,0.017549594960421588,206923.16768292684,19617929.971436463
Oct-24-2022,0.018231987048106274,0.018415639745009958,0.017776496780490095,0.018310801121037425,189422.55603070176,19827889.680741284
Oct-23-2022,0.01877562635768066,0.01896890727524126,0.018103566779199116,0.018140891556190284,228304.76851645907,20266553.495529573
Oct-22-2022,0.019665293186814727,0.019677981628938242,0.01765706296392359,0.018810463169710336,229584.2688402527,20329722.137697496
Oct-21-2022,0.02146190690891268,0.021683670848589607,0.019685731655390518,0.019685731655390518,201145.42078234267,23407006.38445872
Oct-20-2022,0.021880176545816418,0.021923266380692214,0.02101422693368672,0.021380680758282984,300720.0811616608,23619999.4405392
Oct-19-2022,0.021293843112868284,0.023030397345956452,0.021100264655603853,0.021817439987936317,189559.8267198741,24105437.30122077
Oct-18-2022,0.022781438854056642,0.02289969392214048,0.020863906852874915,0.0213301217209935,202328.1173015511,23807622.64889217
Oct-17-2022,0.0242527044009261,0.024282516709568915,0.02271389997546841,0.0227655652493749,169205.74836142323,25851279.278809316
Oct-16-2022,0.024322991864947168,0.024716487116489275,0.023448425785109025,0.024278041422586723,184372.47505787038,26494916.29944076
Oct-15-2022,0.023888197241548555,0.02490485173563304,0.023816824142052922,0.024322991864947168,303630.8654045643,26729666.994775154
Oct-14-2022,0.025708934872070995,0.026936525523966668,0.02377151786765499,0.023894348010388863,325521.8747051887,27908257.94357457
Oct-13-2022,0.023532276855176608,0.027456163958776314,0.023111038082616147,0.02576347482744111,567411.64375,27897397.96969554
Oct-12-2022,0.027387881943675675,0.027387881943675675,0.022021352733632666,0.02354004710780464,1143285.0765165442,26666277.331032377
Oct-11-2022,0.01953033738343603,0.028828969109028206,0.018827029980703736,0.02733494387183088,5626257.527678572,27894589.845362302
Oct-10-2022,0.040092035304380304,0.08283767988246225,0.01707592151449321,0.017508436688934478,451752.6223863636,43056582.1064273
Oct-09-2022,0.041039510317544534,0.0411729336725554,0.04008271864979631,0.04008271864979631,192123.3258205935,44504101.34341869
Oct-08-2022,0.04080926221486562,0.04118594815221943,0.0404806110012639,0.040707705001518345,176821.02949501813,44741525.79573816
Oct-07-2022,0.0411244549000889,0.04131633922342383,0.04058075783246121,0.04080926221486562,162982.85344434305,44949343.477558486
Oct-06-2022,0.04128064937794105,0.041622021940989594,0.0409277192220259,0.04114268467961339,161834.05069694246,45210171.05791021
Oct-05-2022,0.041760455669374474,0.042215306826289094,0.041292328928960585,0.04155625624394833,180284.72647909253,45732630.654660165
Oct-04-2022,0.041835684678642716,0.04205976760766076,0.04135482570710314,0.04182162920809256,191831.8737936581,45727880.429873765
Oct-03-2022,0.04168702408375812,0.04214592458475849,0.04153728571444088,0.04180751588776969,198112.74906139576,45823993.38862522
Oct-02-2022,0.0415805141897105,0.04202392005202356,0.041152516470373504,0.04148465574335441,200558.31327846975,45509637.21265652
Oct-01-2022,0.04212751566938582,0.04223246904045558,0.04160087307797835,0.04193923090311103,167770.4483129529,45884861.06426867
Sep-30-2022,0.042149672851940864,0.04254998449595337,0.04178460335858043,0.04196317293984296,161005.68072150735,46167014.0871365
Sep-29-2022,0.04217560387110184,0.04288526143720915,0.04207602799699744,0.0422381333477908,168414.6763303213,46511801.589849755
Sep-28-2022,0.04237486173390747,0.04272761478369929,0.04168772491338729,0.04247406138694693,173909.75649207746,46295141.65503226
Sep-27-2022,0.04162738512336685,0.04252877663678884,0.04144129205882254,0.04214906827002688,142236.72581129806,42020984.479475595
Sep-26-2022,0.04221585170280989,0.04274981581260537,0.04135736039963274,0.04158210147135631,206605.19008543165,42129146.909723945
Sep-25-2022,0.04152950249159829,0.042461228578226366,0.04152950249159829,0.04224187348236792,213165.24835179324,42148028.745590426
Sep-24-2022,0.04137553515106676,0.041690072536740695,0.041306263146815854,0.04154320057236134,144606.40575199205,41520860.17425827
Sep-23-2022,0.041399087290185,0.041836718873785685,0.041309615233988774,0.04137553515106676,169158.32616370294,41625539.83538357
Sep-22-2022,0.041418808559018416,0.04205815392263709,0.04089372294997339,0.04139936438608257,162403.07212552743,41395119.19207207
Sep-21-2022,0.04041624457462871,0.041537548609643295,0.04006264848199607,0.041537548609643295,204879.01041666666,40894912.89341293
Sep-20-2022,0.04096233618009434,0.04145814433108846,0.04013439110306193,0.04024135780316416,206088.885546875,40971936.6191959
Sep-19-2022,0.041433318345972525,0.04174923113788792,0.04080875056147484,0.040964715330188056,183738.22748161765,41141713.223252416
Sep-18-2022,0.04124486969511743,0.04177080701294258,0.04103775949630967,0.041274754967635614,367260.3240327381,41492433.8987309
Sep-17-2022,0.04168632309879166,0.04184854589796519,0.04086792170489939,0.041278240452023496,201611.3130560498,41428815.894074135
Sep-16-2022,0.04212991915038544,0.04224935235098273,0.04090008770776994,0.04164026994433176,254234.30221737133,41716742.30333242
Sep-15-2022,0.04200595709404531,0.042192978673375736,0.04164533388848789,0.04216100765911944,239398.66893450185,41951456.684140585
Sep-14-2022,0.04212140458735236,0.04249587770950958,0.04164035720984405,0.04200595709404531,215778.6275201613,42038764.421951294
Sep-13-2022,0.04292150743249008,0.04292150743249008,0.042029448450285445,0.042029448450285445,262667.05734080187,42592524.127374664
Sep-12-2022,0.043913344749339854,0.04405991794827653,0.04202816976873741,0.04292711619595575,183103.830078125,43293017.11213597
Sep-11-2022,0.04511668988533986,0.0452404851082427,0.043379857102985184,0.043913344749339854,175711.22280092593,44226452.37147525
Sep-10-2022,0.04558948487004148,0.045723359042450624,0.04490333151887376,0.04500061431592589,150712.3279038915,45464809.67687573
Sep-09-2022,0.04565732171003943,0.0457765170255485,0.04528638313351015,0.04558948487004148,190869.50841346153,45535933.27925242
Sep-08-2022,0.04559848316407256,0.04601213624057445,0.04546848049399861,0.04568804020390042,195756.03198766094,45918270.471207775
Sep-07-2022,0.045716399481294016,0.04604650020799357,0.04528146999604032,0.04559848316407256,146509.66265484234,45696339.3162123
Sep-06-2022,0.04520285692622895,0.04596683522601472,0.04476451761762961,0.04582078521141014,150210.37251420456,45225377.807234384
Sep-05-2022,0.04590027451391047,0.04682276936579927,0.04520285692622895,0.04520285692622895,174060.30722489316,46156895.15292786
Sep-04-2022,0.04556081154976898,0.04590027451391047,0.04549608852328999,0.04590027451391047,192354.0171875,45667691.33578985
Sep-03-2022,0.0450909457222669,0.045908290013321584,0.04496352274352014,0.04556081154976898,177718.2016496781,45529302.09297024
Sep-02-2022,0.0453939869138929,0.04559381645325093,0.04504257339914189,0.0450909457222669,141581.34706038135,45433356.45716222
Sep-01-2022,0.044911228032832665,0.04574953744674771,0.04482664283225823,0.04535828425722398,149542.69421662897,45210647.62849012
Aug-31-2022,0.04473992425319701,0.04495930210199991,0.04430741871627796,0.04489084327249544,193296.6307713964,44587090.24719184
Aug-30-2022,0.043984647154225946,0.045023708099087394,0.04389290651859833,0.04477263027727816,206778.5598611111,44785527.11406889
Aug-29-2022,0.04433526524776411,0.04487392780467658,0.043655022917088414,0.04409596227563824,185892.49200410797,44364985.470021434
Aug-28-2022,0.04334091224406322,0.04436426732921747,0.04308557119082281,0.04432359327462966,176561.57604613734,43711992.24066304
Aug-27-2022,0.0439030947629355,0.04418561150791167,0.0434759215811112,0.0434759215811112,184269.13960152838,43981075.037725605
Aug-26-2022,0.04376636512886005,0.04413728597133152,0.04359006430955682,0.04393010942622667,234461.22184480677,43875093.08555545
Aug-25-2022,0.04546136201086484,0.04556575469425309,0.04376636512886005,0.04376636512886005,239940.68573113208,44909288.73457242
Aug-24-2022,0.045425145033748233,0.04653426233453385,0.04533171165723241,0.04546136201086484,226123.55873270752,45844077.04523807
Aug-23-2022,0.045966349962851545,0.04616315508111708,0.04525585041213612,0.045425145033748233,221696.75694444444,45675664.13062474
Aug-22-2022,0.046090225587305904,0.04667499975061409,0.04554230968829259,0.045966349962851545,227644.7523331448,46035589.69942594
Aug-21-2022,0.04693423540390914,0.04698623714721381,0.04545425368716783,0.04613008147953483,276602.9805372807,46223939.21910869
Aug-20-2022,0.04731547049863835,0.04818546597164321,0.04679323591995659,0.04702866880571188,219622.782910628,47504746.497240484
Aug-19-2022,0.047556922355011376,0.0479439553638317,0.04703516844278537,0.047277625663721776,210827.76655676606,47646425.24642232
Aug-18-2022,0.04896480936602849,0.04898595548612896,0.047556922355011376,0.047556922355011376,245201.10279605264,48169251.661307484
Aug-17-2022,0.04898640050015729,0.0496020792632238,0.0489275896279247,0.04900798371306756,227700.946875,49511994.59197303
Aug-16-2022,0.04950731901998143,0.050524888775335335,0.04891363025052161,0.04897700260192914,199651.9767628205,49566461.80896118
Aug-15-2022,0.04927045995446795,0.04962408673073529,0.049170053255891605,0.04950731901998143,188991.13094896788,49449584.83995502
Aug-14-2022,0.04979536294125554,0.05028817942830113,0.04920295664590024,0.04933965858520845,269699.39033564815,49581246.60152828
Aug-13-2022,0.050141476350096165,0.05086542075679701,0.04943555469898273,0.04989625178436835,216700.81980140187,50230191.015795924
Aug-12-2022,0.05070058353723408,0.05137621515039308,0.050141033027804864,0.050141476350096165,214565.25703828828,50608151.776455164
Aug-11-2022,0.04932426733622848,0.05064969139585096,0.04931052217042401,0.05058731971639405,407606.0084635417,50022883.2260851
Aug-10-2022,0.05292852471626479,0.05339436601601583,0.04926885910434743,0.04932426733622848,444430.0041322314,51492273.50959109
Aug-09-2022,0.05000410488632483,0.05297887957555289,0.049413492844218136,0.05292852471626479,346425.1367026749,50971223.96246082
Aug-08-2022,0.04876401762806045,0.05089995338291825,0.04836277231921664,0.05000410488632483,323709.84821428574,49279986.82921178
Aug-07-2022,0.04742638841273005,0.04904089885688868,0.04741196220546724,0.04876401762806045,279657.4314236111,48222147.12769826
Aug-06-2022,0.0472832386608705,0.04804292234908782,0.0469145775653465,0.04742110019885079,248483.45843626483,47550630.112486556
Aug-05-2022,0.048131855800334605,0.04816618680854999,0.04727494518335624,0.04737140379364185,264396.45712809917,47820451.91133742
Aug-04-2022,0.04728282104986376,0.052867646231702536,0.04728140230411418,0.048131855800334605,239105.82018336776,48007751.94043851
Aug-03-2022,0.04762917805753889,0.048125490221489646,0.04720572018010233,0.04736332400185196,274608.73748802685,47629966.34533058
Aug-02-2022,0.04809776999890591,0.04845765051389232,0.0473433432527656,0.04754249349886763,311414.6160714286,48002100.96750653
Aug-01-2022,0.04891342664023437,0.04904686251001709,0.04771004085044271,0.04820653405697276,267321.220209144,48251900.861082755
Jul-31-2022,0.049045447268202265,0.049615718087962446,0.04851070369074872,0.048776772528786025,245879.38492571723,49193540.21546091
Jul-30-2022,0.04925011253078097,0.06206266064015472,0.04887726927517844,0.04905929882882705,244451.61985759492,49739221.03774207
Jul-29-2022,0.0497241229691203,0.05090747021681607,0.04916434728655804,0.04925098346671778,251449.7553770243,49842984.477330506
Jul-28-2022,0.04974822016788711,0.05034674587915556,0.04883218533217959,0.04962051330908007,250340.77381505576,49742957.79141765
Jul-27-2022,0.04739388752718504,0.05013786230662957,0.047322843356935256,0.04960025716135336,244550.1710271318,48554954.591685064
Jul-26-2022,0.044495995220131215,0.0473420890409604,0.0443529340068913,0.04727445106345752,210486.63214451674,45361167.97145286
Jul-25-2022,0.04465845724807956,0.04476123872136271,0.04374671187536903,0.04451807700728558,241780.10533902215,44243853.87846382
Jul-24-2022,0.046790423204524194,0.04695207941575697,0.04476559860477623,0.04476559860477623,263504.96578763943,45719129.8193519
Jul-23-2022,0.04662494237495101,0.04714220862750945,0.04646317466468146,0.04683742449230652,242197.1187005929,46804109.944110215
Jul-22-2022,0.04597347569417756,0.04701595805720575,0.04575084974742735,0.046519003774918286,231728.69304435485,46346923.72189586
Jul-21-2022,0.0469459085991825,0.047679061063114175,0.04593862121022402,0.04606914502857637,231244.82420343137,46883332.988848545
Jul-20-2022,0.04645705182967877,0.047039305243266126,0.04531263173051967,0.046844668992180497,230805.17641509435,46253068.47436318
Jul-19-2022,0.04814666179849665,0.04874535695779856,0.04636301467577136,0.04672090072825316,239420.70063920456,47785766.08518433
Jul-18-2022,0.04694252750865427,0.04835226998672992,0.04652284601970059,0.04810142708224952,269150.499122191,47413352.346407406
Jul-17-2022,0.044960422387293926,0.04725180937020004,0.044840842019254416,0.04691099702796087,232342.4905284749,46270296.8562468
Jul-16-2022,0.045138385944215695,0.04537568575734753,0.04450034591698535,0.04510997329254209,233152.04290140086,44994185.370341405
Jul-15-2022,0.04431998657639503,0.045138385944215695,0.04330812915268389,0.045138385944215695,211233.28547643442,44026406.006085984
Jul-14-2022,0.04394685074959993,0.04477333139894993,0.04371968827166576,0.04435149731086817,204403.0963080752,45019513.743084446
Jul-13-2022,0.04309287825238994,0.04405620725116166,0.0422683433206219,0.04394685074959993,195180.19241431452,46891646.46852029
Jul-12-2022,0.04316220600746783,0.04354174837149699,0.0419179592717252,0.04309287825238994,206769.87513241524,46311298.13143982
Jul-11-2022,0.04387536199825797,0.044155056484118674,0.04282546377324188,0.04318892897222145,225002.81373031496,47650750.30165744
Jul-10-2022,0.04538266283085971,0.04555287740623604,0.0438595577219704,0.04387536199825797,221465.03521634615,49015252.094422
Jul-09-2022,0.04676843594586991,0.04699424860601158,0.04517970836354378,0.04554423028599799,211167.51884541984,50356142.459291644
Jul-08-2022,0.04654446238262196,0.04723019950531624,0.04624683778138771,0.04695555992420717,206595.23321759258,51194963.53301209
Jul-07-2022,0.04643126185901466,0.04727101147373173,0.04606949933023185,0.04668246688200288,256734.81135376447,50920907.62081162
Jul-06-2022,0.046443399782527706,0.04676985295851732,0.04596207045108166,0.04662984503343339,249915.3176058071,50242913.84347752
Jul-05-2022,0.04677964025653965,0.04702951954382818,0.04598210253289189,0.04657897485321397,242329.46467911877,46493773.042836644
Jul-04-2022,0.04771363448686126,0.04796238114712705,0.04613803578310391,0.04648825356217751,211071.61704441393,47053118.81733884
Jul-03-2022,0.047493502451307,0.0479746101879849,0.04679294862643495,0.0479746101879849,194869.11065764926,47333480.77145912
Jul-02-2022,0.04776321004317517,0.0478498199194603,0.04711062526233424,0.04752180510163185,193371.42727913533,47441200.57267592
Jul-01-2022,0.04820548444952757,0.04821044318737074,0.04733907654788712,0.047869630362092616,235791.18666409465,47704703.41734579
Jun-30-2022,0.04825488497120777,0.0490007759509929,0.04747654509692902,0.04812002133875693,219148.45575,48642860.34989606
Jun-29-2022,0.04962368390889218,0.049710299297890746,0.04810966415113244,0.04825488497120777,238616.61721912955,50069877.83582819
Jun-28-2022,0.049371981497827455,0.050396924248507446,0.04871844472089276,0.04961087702009792,262253.4018218623,50854042.14785352
Jun-27-2022,0.04992326800995453,0.050508058711692415,0.04933714934859778,0.049393140105619966,242872.33410109562,51024628.25482869
Jun-26-2022,0.0502333139390675,0.050619278564446535,0.04941167298950763,0.04992326800995453,234074.24652777778,50441101.32156963
Jun-25-2022,0.05195126715689044,0.05197239568491486,0.050191130320890696,0.050296474421200894,268011.67655617406,51769010.63330741
Jun-24-2022,0.05258581197251173,0.05278071710126484,0.05141794877752495,0.05195126715689044,293751.7402052239,53354787.94312415
Jun-23-2022,0.05186753815172838,0.052684360135458165,0.05155550513150579,0.052684360135458165,313434.6032894737,53559401.44829126
Jun-22-2022,0.05022927648322522,0.05186753815172838,0.05012652602478968,0.05186753815172838,277663.75447354774,52714110.85039203
Jun-21-2022,0.05105421257715703,0.05162013790430119,0.05003810090862233,0.05022927648322522,351171.402734375,52164371.5388992
Jun-20-2022,0.052597866881905854,0.0533808180869761,0.05071389123903984,0.05116028760264788,402057.0177824268,54728043.16678865
Jun-19-2022,0.049449504668127885,0.0524869974574935,0.049134346426233065,0.0524869974574935,504663.2825685654,53439744.471170515
Jun-18-2022,0.04698870057110735,0.04989248742997478,0.04697238757950292,0.04943932296441125,408044.10318627453,48766368.70262449
Jun-17-2022,0.04825121300847304,0.04838012674532821,0.04567073770922284,0.04698870057110735,395179.758875,47518210.82535447
Jun-16-2022,0.0453363384698196,0.0484219745702025,0.0453363384698196,0.04820455621393577,416408.10615079367,47565142.88215532
Jun-15-2022,0.04604289262319273,0.04628717094469296,0.045004225787089,0.04539408858906233,690488.214958159,46022060.41383597
Jun-14-2022,0.04275874906054256,0.046099235282615815,0.04062776097065394,0.04600317073891981,477054.12937973486,43076964.12500534
Jun-13-2022,0.04535565543401173,0.04561131281673416,0.042318083209440055,0.04286036215449554,569384.71825,44831166.432001665
Jun-12-2022,0.04753233148447763,0.04753233148447763,0.04472723692726825,0.04545113400324375,485123.3171065737,46814184.23523582
Jun-11-2022,0.04879030797021749,0.049017630241866825,0.04752731584914698,0.04752731584914698,333277.98733480176,48475979.484185375
Jun-10-2022,0.05040132847883759,0.05106989847526295,0.04848520149766754,0.04875814917228279,324009.57275390625,49848242.57781662
Jun-09-2022,0.051797329618407786,0.05230440060085997,0.05029412666383396,0.05040132847883759,399980.5019358407,52837227.163326465
Jun-08-2022,0.053164253033067405,0.05348569957661891,0.05167458800926007,0.051797329618407786,483900.51344621513,53462696.896985404
Jun-07-2022,0.052241357915989495,0.0532437742260786,0.05167563740402433,0.05319833291812561,535325.0293560605,53288746.822746724
Jun-06-2022,0.05513627510978991,0.05513816240245006,0.052147938362505225,0.0522522291584357,603059.616576087,53698753.2239237
Jun-05-2022,0.0551970320395633,0.056708600338621205,0.05503316163542549,0.05513627510978991,431415.1354638009,56409759.47513688
Jun-04-2022,0.05559820495299284,0.05570286089673775,0.0544865311634012,0.05530296222875685,301449.96155857743,55182940.2240552
Jun-03-2022,0.05542906428225978,0.05575165566708733,0.05442101642828893,0.05559820495299284,283357.8625637755,55289726.226942904
Jun-02-2022,0.05643401861870599,0.05643401861870599,0.054693740884488265,0.05554563988340389,266042.9041164659,56331675.24336489
Jun-01-2022,0.055500544417030624,0.05653025787473908,0.05512371860275432,0.05631799934031997,339034.81243489584,56329920.54488894
May-31-2022,0.056625359994194206,0.05680797831987578,0.0550167917430903,0.055500544417030624,434777.5807522124,57021238.096376635
May-30-2022,0.05866734892301864,0.05891270540679718,0.05645714782835015,0.056907775463325934,410949.08039215684,58878695.38415773
May-29-2022,0.05602377977433316,0.058756518021902814,0.05596754071177625,0.05870013989749007,372154.6918697034,57504166.0444256
May-28-2022,0.056816584943711085,0.05696982995675344,0.05585334592393868,0.05602377977433316,303984.41951155465,56751912.425476715
May-27-2022,0.05583834986177002,0.057056555505427625,0.055713435108611965,0.05668566957989577,317659.55304621847,57561824.64506602
May-26-2022,0.05668829687844945,0.05685566997962314,0.05555619838199971,0.05595051808561701,373829.3227479757,56783181.1711795
May-25-2022,0.06058182407499709,0.060757807289284205,0.05644248301073927,0.05655726266171576,412270.1013104839,58881216.95418394
May-24-2022,0.06272339389140616,0.06275590838872852,0.06022689794254903,0.06058182407499709,401588.0555419922,62834220.9380155
May-23-2022,0.06252613647678615,0.06379441760697843,0.0623074349761781,0.06265767306140775,823995.876953125,64402127.33701488
May-22-2022,0.06433607343530406,0.06680372280830463,0.06240559286646735,0.06252613647678615,1818852.9573412698,65914598.737503156
May-21-2022,0.06492399107855805,0.06532754059031931,0.0632525172815629,0.06428272670397805,1684419.352320675,64398374.0263761
May-20-2022,0.06635058839773675,0.06660893193229754,0.06404178899535386,0.06492399107855805,1046419.2273471616,65566380.02974282
May-19-2022,0.0693524110420389,0.06982249242573536,0.06616416128702304,0.06640805156826046,543784.7905334728,69847992.52303916
May-18-2022,0.06701341759342022,0.06947048616490008,0.06674757904756012,0.0693524110420389,523435.2132675439,68652700.37538496
May-17-2022,0.06986841432987788,0.07017429218787118,0.066923996528818,0.06702701156340951,627437.4867149758,69783728.51025046
May-16-2022,0.06823114226609413,0.06989555835856813,0.06781099095289715,0.06988898314646863,417248.9452160494,68791762.17196655
May-15-2022,0.07158050385898182,0.0718096296645216,0.06650804133704184,0.06822081954807958,325224.86592741933,68794915.82129975
May-14-2022,0.06962596587806819,0.07173463523130055,0.06844158550551155,0.07173463523130055,270759.87705761316,69700454.36381412
May-13-2022,0.07247671381019691,0.07297638624437087,0.06782895412987353,0.06965700142614459,370217.25938901346,70188993.2612756
May-12-2022,0.07486856105035013,0.07486856105035013,0.07043736355761561,0.07251368395557134,534491.0737179487,72676446.60497336
May-11-2022,0.07827869177475862,0.0812782495758512,0.07409563504489436,0.07502847711230864,694570.0453629033,77276057.32690237
May-10-2022,0.08879186111967566,0.08880971333000114,0.07807005944033849,0.07827869177475862,680961.154787234,83363041.94417278
May-09-2022,0.08698309470884309,0.0920234165470303,0.08579454067875986,0.08860097272783742,877548.605,88678051.55434664
May-08-2022,0.09636435658746374,0.09669714223579078,0.08712909163031672,0.08712909163031672,566178.3788077731,93696336.54699737
May-07-2022,0.09966756543109025,0.09966756543109025,0.09565701576675364,0.09636435658746374,437054.86097222223,99369401.00115487
May-06-2022,0.10150319432203876,0.10150319432203876,0.09911777418522429,0.09966756543109025,391514.67546106555,102683598.70590661
May-05-2022,0.10342611652172734,0.10428692661174664,0.10123414816704944,0.10150319432203876,472233.43183139537,105489121.36601742
May-04-2022,0.11023010073447316,0.11031347616467171,0.1027324611311064,0.10342611652172734,500031.53008298756,109618723.74329188
May-03-2022,0.10756233605911766,0.1103147323232182,0.10609246751823365,0.11023010073447316,454913.81853341585,111219083.30233407
May-02-2022,0.11225797200467352,0.11235917533243524,0.10730908384060536,0.10752187817842714,484359.2780975877,113940799.96499576
May-01-2022,0.11405071018936168,0.11510937079809196,0.11153605708079,0.11231388354486584,418545.80015243904,116649019.46966068
Apr-30-2022,0.11408494050243624,0.1150743213888681,0.11273301827481012,0.11408755383571062,389850.3754485646,116251914.64240806
Apr-29-2022,0.1196633439410234,0.1510509695240324,0.1140651079194906,0.1140651079194906,383695.02529761905,125243547.51592112
Apr-28-2022,0.12231822204878444,0.12278035552106456,0.11922406375415892,0.1196633439410234,478867.6471002252,123841673.30609758
Apr-27-2022,0.1263861668206109,0.12684162415837436,0.12218389222229756,0.12231822204878444,490652.8686440678,128235375.62966889
Apr-26-2022,0.13479801997982202,0.1355321484084996,0.12252547339547232,0.12626149007282114,610053.7923430736,129944579.550749
Apr-25-2022,0.1456697727359608,0.14598947932039413,0.13479446150491547,0.13479801997982202,980625.1961206896,145641702.5065218
Apr-24-2022,0.13671014379090568,0.14644784911146227,0.1297180478182967,0.1456697727359608,631817.8353004291,138209698.40825784
Apr-23-2022,0.13666366791914586,0.13899131949597965,0.13657402602786137,0.13671014379090568,477093.18548387097,141722660.44828096
Apr-22-2022,0.13748413685667876,0.13802405969586282,0.1365078909180132,0.1367373982647889,508968.45677083335,141734455.60173276
Apr-21-2022,0.1348467418882277,0.14075093734229516,0.13481981780149832,0.13741891685262575,1003499.4899902344,143096820.55593085
Apr-20-2022,0.1411937579576395,0.14193277330641046,0.13436363748406682,0.13476342144140116,639260.5175691245,144447257.71017244
Apr-19-2022,0.14297547224698998,0.1429755478824851,0.1402430909297988,0.14127804064880345,580908.9752747252,145589992.62682
Apr-18-2022,0.14234159946310312,0.14309230514502796,0.14000605070809233,0.14303318658303957,424496.68347222224,145730916.0696853
Apr-17-2022,0.14345892287792647,0.14345892287792647,0.1411952934057303,0.14234159946310312,393389.1623029279,146196962.6292426
Apr-16-2022,0.14411766176737056,0.14431677941053567,0.1431537159927151,0.14346353226109995,369700.21875,147693877.8029023
Apr-15-2022,0.14398016940741576,0.14424203510880865,0.14300596856401873,0.14411766176737056,365400.4037790698,147791579.19095865
Apr-14-2022,0.14760481409658868,0.14761677188398126,0.14370353355939844,0.14398016940741576,622252.439214939,148572856.08834538
Apr-13-2022,0.15109033542748904,0.15147847642394183,0.14698378903538586,0.14760481409658868,576461.0318825911,154094685.0028337
Apr-12-2022,0.151137004466927,0.15285149824337568,0.1506211029765928,0.15109033542748904,535847.6463414634,155888261.57857332
Apr-11-2022,0.15106510062632486,0.15153712196211888,0.150831730577338,0.151137004466927,626464.9357876712,155256681.92933095
Apr-10-2022,0.15371989448767012,0.15389541768879303,0.14956188951977542,0.15106510062632486,586029.2153716217,154655267.4266347
Apr-09-2022,0.1540876212941879,0.1540876212941879,0.1540876212941879,0.1540876212941879,452358,154087621.2941879
Apr-08-2022,0.15346754983243274,0.154436291220992,0.15331825573725583,0.1540876212941879,526861.2086614174,157704277.8752165
Apr-07-2022,0.1575332356207802,0.15801522194178091,0.15354322650726365,0.15354322650726365,511984.7220014451,160111630.10788426
Apr-06-2022,0.15779630874925213,0.15779630874925213,0.15610959333153385,0.1575332356207802,500288.1318231441,160625486.89316905
Apr-05-2022,0.16063141419005506,0.16117113456511814,0.15715214348875223,0.15784458947125604,598271.7080439815,163525364.28550094
Apr-04-2022,0.16467371056144656,0.16473291484365146,0.16063141419005506,0.16063141419005506,586332.108490566,167434857.1468797
Apr-03-2022,0.16558042895219452,0.16836701895547043,0.16450020450853797,0.16471108596703152,599362.6891534391,170217104.43236515
Apr-02-2022,0.16598629693113104,0.1663824546261925,0.165038840345898,0.1653146281089049,479160.2475290698,169777622.39774454
Apr-01-2022,0.1676667571517499,0.16969581057878666,0.16598629693113104,0.16598629693113104,749342.3737745098,171711206.8952851
Mar-31-2022,0.16471468116218857,0.16803746171670791,0.16259693151773572,0.16781090651043795,654651.1974885844,169761412.4780702
Mar-30-2022,0.17137182755161787,0.17505262833181195,0.1646894811117902,0.16471468116218857,875064.5384174312,174494736.68818188
Mar-29-2022,0.16885023907000268,0.1714931279083082,0.16711075371388603,0.17125075593202818,595218.683008982,174518011.76940915
Mar-28-2022,0.16621845712824004,0.17052726366524462,0.16548682152008817,0.168932361655367,891351.6995614035,173530271.86031145
Mar-27-2022,0.15803468948894225,0.16854091781254826,0.15718322254649594,0.16660639548991618,731718.11328125,165501570.6168103
Mar-26-2022,0.15406855975198266,0.15803468948894225,0.152651678893476,0.15803468948894225,429512.09437751,158531257.9125261
Mar-25-2022,0.15504184851792915,0.15504184851792915,0.15252504023275798,0.15373920925659043,596407.3961805556,157833343.43761334
Mar-24-2022,0.1568187488985342,0.1575348640493267,0.1541231257364495,0.1550436744226389,759659.2352178423,159688308.2409037
Mar-23-2022,0.15583401947344178,0.15998190760819556,0.1555595274046704,0.15695378947946204,547099.4013157894,161882867.49942252
Mar-22-2022,0.1523894040098837,0.1558909311672931,0.15085415733107535,0.15583401947344178,731313.2352941176,157058281.0204717
Mar-21-2022,0.15428281388390622,0.15552983535647197,0.15158860828706458,0.1523894040098837,705244.5462184874,158039640.11350352
Mar-20-2022,0.1516137249893692,0.15457503744579948,0.15159660580489384,0.15428281388390622,500817.5834668803,157203254.00578368
Mar-19-2022,0.15839066189271792,0.15859177190205392,0.1508985040277276,0.1516137249893692,637487.5408115672,159023084.40482038
Mar-18-2022,0.1502974728107146,0.16078350425553734,0.1502882185161168,0.15839066189271792,595457.8671195653,158412764.01202774
Mar-17-2022,0.15045313212906558,0.15094969470167538,0.15002458466100105,0.15039304630890704,417382.9186241611,154025246.10716558
Mar-16-2022,0.15048590175027,0.15070812244036105,0.149951642425021,0.15039032086030163,544786.8927364865,153336827.12556705
Mar-15-2022,0.14572315751466097,0.15050517460989385,0.1448016756579006,0.15050517460989385,561941.2706567796,150116870.8432541
Mar-14-2022,0.1513253025580716,0.15216165277526345,0.14578938406135095,0.14578938406135095,477785.77988387976,152798767.31151766
Mar-13-2022,0.1491410492242222,0.15193363814845487,0.14875755808939448,0.15140572909946848,504731.72505605384,153665775.0653945
Mar-12-2022,0.15156916110270166,0.15846267714397388,0.14903480926564688,0.1491410492242222,664520.9534883721,154687851.91920328
Mar-11-2022,0.15203450820117234,0.15247285213205994,0.15154466537182648,0.15154466537182648,421744.8401954976,154552527.76472014
Mar-10-2022,0.15642886012423243,0.157355459606142,0.15193744010213311,0.15193744010213311,528614.949783237,156406070.0901526
Mar-09-2022,0.1526874938176629,0.15690130042694034,0.15250869616975105,0.1566871070993948,964066.8600386101,156117538.80438927
Mar-08-2022,0.15294816754008342,0.1556324574890324,0.15243513912985068,0.1526874938176629,598322.7518078513,154761495.13986278
Mar-07-2022,0.14992472719873368,0.15297422970869184,0.14941072068516886,0.15293793468563227,662065.2780082987,153044995.6791446
Mar-06-2022,0.14807959927120415,0.15170466320693946,0.14807959927120415,0.1499231613138914,1430075.2207792208,152961501.24343103
Mar-05-2022,0.15975093408383367,0.16076073098023874,0.1479489453229447,0.14894819712163684,662078.5,160066495.35097772
Mar-04-2022,0.1589852979802652,0.16051139265073794,0.15820406760390582,0.15971456478133447,596723.957374477,162929061.24804705
Mar-03-2022,0.159901704032398,0.1618794931369108,0.1578507873923165,0.1589852979802652,653756.694065126,163387444.90730482
Mar-02-2022,0.16256624138528344,0.1630503948772562,0.1586718868541091,0.159901704032398,573022.9956331878,165072301.55708933
Mar-01-2022,0.15855939674788286,0.1625810159914373,0.158346910716094,0.16256624138528344,608319.1028708135,163987052.19299042
Feb-28-2022,0.1549032133100955,0.15855939674788286,0.15377750554985803,0.15855939674788286,735038.3120039683,158972036.17450762
Feb-27-2022,0.15279544693384267,0.15611136253515234,0.1513350646421683,0.1549032133100955,598157.6133333333,156922638.12484717
Feb-26-2022,0.15413364391504553,0.15494839045471465,0.1525388311505802,0.15279544693384267,416967.1386574074,157613361.81400052
Feb-25-2022,0.15290172664392346,0.1553606314373549,0.15290172664392346,0.15413364391504553,485408.93032407406,158107547.20346373
Feb-24-2022,0.1477575816601999,0.1553212115359829,0.1477095498892725,0.15290172664392346,513936.7302442529,153582522.7396977
Feb-23-2022,0.1528254713092317,0.15320254825610455,0.1469759740016406,0.14745705819364,575075.0966530055,152790340.01739272
Feb-22-2022,0.1497589332929903,0.15389847273669024,0.14943183855519454,0.1528254713092317,698425.9364082969,156153406.79876718
Feb-21-2022,0.15746576680146226,0.15746576680146226,0.1497589332929903,0.1497589332929903,1125572.8161127167,156043083.63516358
Feb-20-2022,0.16877447680958205,0.17119317386817254,0.15754292881539583,0.15756781952231066,566420.0855654762,171294363.35108203
Feb-19-2022,0.17185559358819433,0.17206725693911606,0.16872682600103406,0.16877447680958205,493120.36429073033,173836771.26564282
Feb-18-2022,0.17248932428464334,0.1738569828627224,0.17181036354722298,0.17185559358819433,719814.6318565401,176739669.57372463
Feb-17-2022,0.17098564690317053,0.17451862530373607,0.17048272491525646,0.17248932428464334,968295.4503865979,176178695.8067239
Feb-16-2022,0.18102405829658264,0.18160286945479917,0.17093605879582544,0.17098564690317053,994419.8823891626,180899923.67592022
Feb-15-2022,0.18378332041496817,0.1837886685685391,0.1787156935578852,0.18100666031627816,1092153.2395,185491964.77047217
Feb-14-2022,0.17830487652308635,0.18852499559487315,0.17801443371772324,0.18378332041496817,1136091.2359813084,187107165.6277398
Feb-13-2022,0.17690688842381022,0.18088611087618456,0.17644014528972074,0.17846285263018527,1133992.4006410257,182865630.1704988
Feb-12-2022,0.16825012228345332,0.17732579607523916,0.1681736052725,0.17654242566365605,919531.9377815315,174280861.60936746
Feb-11-2022,0.17285469731604886,0.17313275281344165,0.16825012228345332,0.16825012228345332,1073537.4830848624,175220295.41092202
Feb-10-2022,0.17789209285994542,0.18132657691227047,0.17285469731604886,0.17285469731604886,1207529.1815025252,182606243.18674415
Feb-09-2022,0.1773243969654128,0.18200059404807103,0.17561206717907277,0.17794046852110904,1416300.0908505155,182046256.31518716
Feb-08-2022,0.16642755489708944,0.18227524734539985,0.16642755489708944,0.177111696260918,1380759.8855633803,177876946.64867297
Feb-07-2022,0.1726345324953489,0.17375491898108747,0.1652542467784043,0.16642755489708944,1458054.6180232558,172641781.55904126
Feb-06-2022,0.16266497197395063,0.1726345324953489,0.16168579111063028,0.1726345324953489,1214216.4304298642,171221200.52765256
Feb-05-2022,0.15879040559157584,0.1643228820012718,0.15879040559157584,0.16264459918850388,1360393.3274647887,164945062.16802973
Feb-04-2022,0.15151733761047995,0.15902559889342915,0.15048391448456727,0.15879459218067238,940839.7710280374,156404204.2175435
Feb-03-2022,0.14376347277063636,0.15158794498356992,0.14376347277063636,0.15158794498356992,844971.2345,151140940.38442487
Feb-02-2022,0.14707749984289523,0.14707749984289523,0.14206838463883162,0.1436810291008675,1052338.5085365854,147351427.1774181
Feb-01-2022,0.1562214996056181,0.15813287673987256,0.14689529019651087,0.14724859686428535,1157351.92264574,157006712.95165437
Jan-31-2022,0.14864011417586512,0.1562214996056181,0.14693886843110954,0.1562214996056181,976129.2725321888,154079452.52093002
Jan-30-2022,0.15191384749098125,0.1519479696724337,0.14759079514474605,0.14864011417586512,635112.0627572016,152914916.90314612
Jan-29-2022,0.15268969607358987,0.1538908502988889,0.1514216447892998,0.15193779332558072,657918.2870171674,156481899.43604565
Jan-28-2022,0.14730889041609052,0.15473251534854704,0.1464433591582265,0.15268969607358987,777860.4863372094,153764554.66040483
Jan-27-2022,0.15297899030526374,0.15341545061729422,0.14532346493194948,0.1472730623592734,914445.6771276596,152792871.28162685
Jan-26-2022,0.15254399418708425,0.1593120689791912,0.15007521967070875,0.15297899030526374,898338.2242798354,155654689.44870165
Jan-25-2022,0.15472121756863474,0.15719485905167024,0.1515659930548342,0.15254399418708425,892236.8060963114,156414494.67553374
Jan-24-2022,0.1500817476590963,0.15520431630876633,0.147840690831199,0.1546484729796114,951221.3731796116,153314832.48568538
Jan-23-2022,0.15772841465776263,0.15831054751024648,0.1424145729046242,0.1500817476590963,802810.587993421,151803679.23830763
Jan-22-2022,0.15857342111158995,0.1613888769352444,0.15604305427358744,0.1576190842409307,980554.132918552,161070773.73689345
Jan-21-2022,0.1830400254642792,0.1832451130167186,0.15709907203680618,0.1584783109639295,1595923.103982301,170255858.99418893
Jan-20-2022,0.20556578653318985,0.20558120137810013,0.1830400254642792,0.1830400254642792,2501476.180131004,194441673.46376252
Jan-19-2022,0.2004627994468382,0.20943082530671417,0.1999126567438824,0.20556578653318985,2408345.796692607,205453504.02651626
Jan-18-2022,0.2023394273598284,0.2026782403968534,0.1987280390005324,0.2004627994468382,2745433.3373655914,203381501.4155036
Jan-17-2022,0.19963752468687265,0.2025319148229048,0.1972333027851716,0.20244040749337996,3236666.0874384237,201487990.96389207
Jan-16-2022,0.19897116262465367,0.20041601740808732,0.19797131373996335,0.19963752468687265,2507427.359953704,201423151.8965862
Jan-15-2022,0.19522584666423917,0.2010026883701484,0.19323774361295773,0.19901875056560456,2070661.3648504273,197950336.97815058
Jan-14-2022,0.198681440885825,0.19881410696068655,0.1955980358056371,0.19565222790345935,2930968.6994818654,199496625.90877375
Jan-13-2022,0.19838709042548816,0.2009883593338897,0.19488386138565084,0.1986751230683667,3094001.1473214286,200460582.35160238
Jan-12-2022,0.2102617084990284,0.21206494112729643,0.195849964185932,0.1988138602371217,3227721.814479638,205306287.998077
Jan-11-2022,0.2082030398521964,0.21712741782644487,0.2064387138887536,0.21188867365285272,2738247.286036036,212001261.82971597
Jan-10-2022,0.19587423678444657,0.2088937019153021,0.19549876814838368,0.20817687770498972,2727745.2389502763,202179937.64875475
Jan-09-2022,0.19380696075609177,0.1973437759755147,0.1907233122544994,0.19587423678444657,2401297.4682017546,196964081.2198064
Jan-08-2022,0.18862044349613585,0.19380880198409817,0.1876270134509758,0.19380696075609177,2273667.1798029556,193175249.28728485
Jan-07-2022,0.1918183722243528,0.19354606682524503,0.18515479219012249,0.1886024797223723,2518476.798206278,193244003.38189897
Jan-06-2022,0.21128098592882852,0.2128930673504569,0.1896496254764806,0.19180002713866576,3151476.6805555555,197456343.23602113
Jan-05-2022,0.22004891549686115,0.22109135210204456,0.202687831032022,0.21128098592882852,2490300.31875,212945076.60772207
Jan-04-2022,0.2336915214498654,0.2369448409518705,0.2196784055825401,0.2198648525761728,1026389.8049568966,235131420.79093686
Jan-03-2022,0.2159195942818685,0.23397156009012848,0.21555914211859148,0.2336915214498654,895275.0886824324,229217446.43760002
Jan-02-2022,0.2113796487518886,0.2170473196307338,0.2111514028662393,0.2159195942818685,576390.3199884793,216743917.73858765
Jan-01-2022,0.21620795131222337,0.21677598352960237,0.2075307097305677,0.2113796487518886,981110.3636615045,212257857.87371364
Dec-31-2021,0.206749528236078,0.21659582001487496,0.20633928721045544,0.21620795131222337,645855.2488839285,213184401.33704332
Dec-30-2021,0.2125526252220012,0.217549264590401,0.20677239688802485,0.20677239688802485,582157.5528846154,215934958.78829774
Dec-29-2021,0.21438666297187176,0.22305097514847216,0.21187954864649308,0.21398354074579728,914349.968487395,219567850.34523574
Dec-28-2021,0.2410613773475923,0.24403938248181867,0.21395968206033783,0.21395968206033783,675999.7196022727,233896892.13507783
Dec-27-2021,0.26018843717448925,0.26018843717448925,0.24009614825279185,0.2410156612349562,763082.9105450237,252725095.50948364
Dec-26-2021,0.27010716493052267,0.2704825496526455,0.26018843717448925,0.26018843717448925,976323.4383370535,270772911.95337874
Dec-25-2021,0.2856558711760955,0.28973507499936096,0.26824082863478393,0.27010716493052267,3099081.989480198,279018552.17299086
Dec-24-2021,0.2438064551950256,0.29874563596662523,0.2438064551950256,0.2855856264529907,1877089.4476190477,264124845.75610992
Dec-23-2021,0.2226695922885905,0.2433450809414818,0.2222371082730255,0.24329385572848533,1384922.2657035175,230427682.6521459
Dec-22-2021,0.19602492328761545,0.22366426032428283,0.19309547780552425,0.2225724586021288,774992.6148897059,207262264.98705792
Dec-21-2021,0.1902092700761183,0.1964044674219819,0.1902092700761183,0.19600672441863876,471293.4140625,193837817.70255956
Dec-20-2021,0.18344831624096708,0.1902092700761183,0.1825411088553241,0.1902092700761183,602565.4378289473,188820918.00156602
Dec-19-2021,0.18688972437703175,0.1876727579228551,0.18053520131225592,0.18346027455009328,352805.00736899563,186523118.20367694
Dec-18-2021,0.19013203722743025,0.1903152406123469,0.1867872923064392,0.18718185467218412,413729.92032657657,190138496.05366382
Dec-17-2021,0.19105686360359664,0.1923695252988648,0.18894456365648413,0.1905524979985264,270865.7012434555,192271588.37053865
Dec-16-2021,0.19221703930228629,0.19342226600715065,0.1889155840992379,0.1911950067112118,324756.12467783503,193274208.77345508
Dec-15-2021,0.19954209517120605,0.19997080965713557,0.1923622691347145,0.1923622691347145,518150.8948006466,199133759.80877724
Dec-14-2021,0.1933675590561107,0.1995740912306813,0.1916680193766689,0.19954209517120605,587026.4573102678,196880174.40087786
Dec-13-2021,0.19376206758433745,0.19449042747852696,0.1866045141951512,0.19308303289748371,1125678.3572635136,192494921.98395848
Dec-12-2021,0.22488729643949823,0.22507554526094872,0.193359593154968,0.19485087742012497,619459.1815191387,213887933.6492186
Dec-11-2021,0.22903431378809885,0.22988859226252129,0.2242141027802647,0.22488729643949823,363204.8144437799,228076698.55971494
Dec-10-2021,0.223442525938935,0.2287204629606873,0.22217946401393704,0.2287204629606873,1096662.7172475962,227442740.51257908
Dec-09-2021,0.25288381572821267,0.2532906325938525,0.22442593905002275,0.22442593905002275,1771608.287289916,243905601.41585428
Dec-08-2021,0.2617657107752267,0.2619118772440788,0.2514239855918433,0.25288381572821267,655285.8033256881,260579869.5240708
Dec-07-2021,0.2596656686893526,0.26568141549725494,0.2596656686893526,0.2610246381767435,515648.790875,266221396.36876342
Dec-06-2021,0.25936236940819674,0.26734098516412336,0.25936236940819674,0.2596656686893526,787373.345177665,266727551.9190357
Dec-05-2021,0.2565471464479235,0.25936236940819674,0.2505263062089263,0.25936236940819674,1003552.2357843138,257286894.3573106
Dec-04-2021,0.2703206966876827,0.2715541416589614,0.25510238651022243,0.25679173519027754,1287257.0040625,265159260.0829492
Dec-03-2021,0.3007800049254517,0.3021739179186374,0.2643915104618691,0.2703315579400576,2058755.4041666666,279497309.9632733
Dec-02-2021,0.31351111569399526,0.3146930572517892,0.29881385528077564,0.302142558587859,1365053.296875,311682108.1671292
Dec-01-2021,0.31154765972467374,0.3149813935303236,0.2988881542107087,0.3143019856263594,1152240.7698237884,308793766.7390447
Nov-30-2021,0.2980073527858934,0.3123032413011357,0.2980073527858934,0.31154765972467374,1467264.2358597284,310668897.13882864
Nov-29-2021,0.31676429194237204,0.31812859060592363,0.29514630224328914,0.2980073527858934,1858225.333677686,304571364.3390002
Nov-28-2021,0.2839811921947229,0.3202851361341037,0.28179313836891573,0.31676429194237204,2074118.7117021277,312104511.1418482
Nov-27-2021,0.28616122875972155,0.28616122875972155,0.26991242464937265,0.2839811921947229,856641.2307312253,280391889.11406755
Nov-26-2021,0.2906983153595379,0.2940844805431131,0.2862061482663212,0.28655460346027334,1383213.3980263157,293778518.2489114
Nov-25-2021,0.3114078704280008,0.3130270175310459,0.28039031407137976,0.2906983153595379,1601265.2282608696,297241250.4678762
Nov-24-2021,0.2995705851360747,0.3162302283390178,0.2995705851360747,0.3107353648773684,1597336.0791284405,312839487.92820144
Nov-23-2021,0.3188637007042376,0.3188637007042376,0.29879734532667485,0.29943501595589694,1307319.7489035088,308673563.69068795
Nov-22-2021,0.3086409655142942,0.319670707839657,0.3085748292099032,0.3188585946905023,1093561.720894608,315903226.25393546
Nov-21-2021,0.3212687671605375,0.3213852326342654,0.3067083536354186,0.3085100588318238,1266801.8167892157,315930848.507785
Nov-20-2021,0.324509705420721,0.3249601054982441,0.3176699362345671,0.3212687671605375,1080417.268776824,323627208.00192255
Nov-19-2021,0.3292980482504857,0.3327883992201664,0.31612917911264127,0.324509705420721,1183154.2705823292,331539125.1407467
Nov-18-2021,0.30819535260031605,0.32965778173429094,0.30549739226539013,0.3292980482504857,3021378.113070539,321476237.5427834
Nov-17-2021,0.3268059655266381,0.33533435483084123,0.3054934466071531,0.30838629229243925,2660919.255165289,327516246.8862304
Nov-16-2021,0.34592948140100394,0.3460119024255302,0.32064083990089665,0.3248033974541744,1921800.32421875,334955879.5810159
Nov-15-2021,0.3812336244473209,0.38135497393265466,0.3404910917584736,0.3454454753849175,3128643.833690987,357286826.0556123
Nov-14-2021,0.35831607122637543,0.40551258584993954,0.35831607122637543,0.3812336244473209,2851262.8898514854,397425150.17833716
Nov-13-2021,0.35902748897458164,0.3635267057995612,0.35702093493012255,0.3582194484061182,1015931.82239819,364217596.0508969
Nov-12-2021,0.3604125758755255,0.363154313260248,0.3500576456283787,0.3589786312762253,2125747.74375,359321178.2394412
Nov-11-2021,0.37277309379368206,0.38101167677507736,0.3491749999999964,0.3604338033389805,2317761.7217391306,372689713.5120913
Nov-10-2021,0.370183241031797,0.38188626524644703,0.3638047061171446,0.3729957939023521,2581405.345338983,380541429.76153624
Nov-09-2021,0.38951619492814776,0.4007223455547234,0.3654937836427377,0.370183241031797,4177175.979787234,391313917.94065726
Nov-08-2021,0.4214530550898803,0.4380673629550262,0.3897329143778455,0.3915266022065502,3224901.066143498,423519889.7355998
Nov-07-2021,0.4025584650461793,0.42660123022159785,0.4025584650461793,0.4210033193322237,2665536.331473214,415595731.4167177
Nov-06-2021,0.42202455453551146,0.43139233253215503,0.39860945057807207,0.4015355313748899,3152702.1753393663,423181267.07803744
Nov-05-2021,0.37901540647718496,0.42202455453551146,0.37821330552357857,0.42202455453551146,2883948.514130435,402771383.71815413
Nov-04-2021,0.3858756009814654,0.4176678628746153,0.3772705321071572,0.3777654529760269,5216997.984848484,396799690.8303683
Nov-03-2021,0.37504735414469537,0.4429565749008052,0.3645879826459656,0.3850626433708912,10700208.089583334,393130503.99175954
Nov-02-2021,0.29826674085118915,0.3745770186064708,0.29826674085118915,0.3738043574907277,3854938.636454183,323581148.8955787
Nov-01-2021,0.29422105241007934,0.3129447242743431,0.29422105241007934,0.2971470713159716,3349581.14556962,307890010.22736186
Oct-31-2021,0.28876531503095926,0.294941056249557,0.2732723879460583,0.294941056249557,3009131.07358871,284063948.0126149
Oct-30-2021,0.2939452955211943,0.2953881939532401,0.2812239370308548,0.28918326264740474,3019436.923694779,292811759.1051746
Oct-29-2021,0.2912565945343428,0.29481967452061275,0.28813763034333817,0.29393446885146945,3183966.0346938777,293660691.09053326
Oct-28-2021,0.27402433480561145,0.2917816828119893,0.27279942476816416,0.29053608824236254,3083596.401859504,288286276.5672396
Oct-27-2021,0.2648898214482553,0.275263883837021,0.261106184378917,0.2740212420624624,3788127.3545454545,269239114.23952156
Oct-26-2021,0.295905373439125,0.30127657936754987,0.2639958151422495,0.26435727299398953,6358246.490430622,285374111.97456914
Oct-25-2021,0.2630972454198663,0.3069565174327741,0.26245214250460125,0.2970246394052506,3629781.313034188,279497395.2828112
Oct-24-2021,0.2533675849179554,0.27085626874414814,0.2520439988905774,0.2630972454198663,3183568.8516949154,265712290.4805768
Oct-23-2021,0.2512476830649307,0.2548201062329274,0.24172175856844225,0.2533675849179554,2777016.721875,251459903.80324587
Oct-22-2021,0.2566103903302455,0.2574125085622195,0.243874965027335,0.2512476830649307,3729703.6631799163,254280610.4485589
Oct-21-2021,0.26680162661536955,0.2933259630925954,0.25584213524592964,0.25584213524592964,5232035.827935223,275448332.17746353
Oct-20-2021,0.2680400688034296,0.291272236427567,0.2666364282374063,0.26680162661536955,7670507.9862204725,278990508.34200144
Oct-19-2021,0.24104217254831825,0.2686127499701827,0.23930890976280503,0.2680400688034296,2742177.5152559057,250484901.27148443
Oct-18-2021,0.2489945575209791,0.2543396184066447,0.24046974916920788,0.2408279592299685,3619647.8728070175,248030997.26671427
Oct-17-2021,0.26521901251354385,0.2661118430111404,0.24023222315168824,0.2489945575209791,3240896.731327801,254709590.69996455
Oct-16-2021,0.2641746855215546,0.26621923793464203,0.2595637813653203,0.26521901251354385,2444485.1087184874,264876408.92694038
Oct-15-2021,0.27609232442606924,0.27672605823531804,0.2624921118286154,0.26359489618253407,2241986.7756410255,272427875.6852922
Oct-14-2021,0.2662573198327246,0.2773470706947253,0.2642047555744057,0.27552950584880465,2286244.487254902,273487763.38977087
Oct-13-2021,0.27061016588094,0.2750139061506276,0.2635062953193811,0.2656989282577971,2336039.064583333,271064297.4149397
Oct-12-2021,0.2635775157015153,0.2715985927172053,0.26024656312244804,0.27061016588094,2069062.6000996016,267896934.1614914
Oct-11-2021,0.27075023893508426,0.270938744612469,0.25618557585121704,0.2635775157015153,2205441.64893617,263120748.2442902
Oct-10-2021,0.2755323540479342,0.28231481140648595,0.2694673598601991,0.27075023893508426,2395043.9227642277,279124635.81602275
Oct-09-2021,0.2824945004192196,0.28625778994188344,0.2681239724223761,0.2755992469363378,1971712.004,283613187.278028
Oct-08-2021,0.28275796293802,0.2926779461046154,0.28158977663077583,0.28309321776528645,2933236.9541666666,288463117.7872022
Oct-07-2021,0.30539711630829336,0.3095244622587488,0.2800561934962442,0.28280588353415326,2911216.823469388,297990315.54067284
Oct-06-2021,0.3187110024056796,0.3187110024056796,0.3056102449487486,0.3056102449487486,2492645.7777149323,316264638.99793345
Oct-05-2021,0.3362879536853184,0.3362879536853184,0.3106399454486149,0.3187110024056796,2933546.9085365855,324165557.2896391
Oct-04-2021,0.33656979527889125,0.3443883458134448,0.33072322251947994,0.3362879536853184,2663764.782352941,341614280.24931055
Oct-03-2021,0.3409191635261254,0.3425603045748316,0.33400832501401767,0.33656979527889125,2615118.6888185656,340459838.96280664
Oct-02-2021,0.3598183351771802,0.3605534247763232,0.33935125317837744,0.34163358215908524,2480199.490625,355080579.9980409
Oct-01-2021,0.3471938208595189,0.3653262064881211,0.3471152593363025,0.3603393397925992,3206789.8040816328,357054055.9955996
Sep-30-2021,0.3215379581876081,0.35240554286212933,0.32118832116575424,0.3471938208595189,3966556.5851528384,337292522.31371385
Sep-29-2021,0.3038108394061965,0.33475847793106667,0.2973126768358872,0.3215379581876081,3815982.161363636,314017799.5176671
Sep-28-2021,0.30775021125427204,0.3280151230150518,0.30213592057913563,0.303133083962266,4826887.348913044,316148927.81588537
Sep-27-2021,0.332938221782933,0.34778803606539255,0.2998196311584904,0.30778664758060537,6357682.391304348,324939057.35516614
Sep-26-2021,0.2970321437131127,0.3527843234172176,0.2970321437131127,0.33132126653472893,6439315.730290457,336324469.05833375
Sep-25-2021,0.2739358478550927,0.3098975244334475,0.2591836031678953,0.2970321437131127,3097449.307598039,287180797.5931941
Sep-24-2021,0.2852014177496297,0.2862770434649385,0.27399579121618123,0.2744955210556359,2690975.24122807,283523962.2347361
Sep-23-2021,0.2998236494164734,0.3024675041560078,0.28135213794531766,0.2852014177496297,3175720.5482832617,294279177.0186822
Sep-22-2021,0.27894744526410514,0.3027874546666307,0.27894744526410514,0.2998236494164734,3735237.040794979,291960832.4376654
Sep-21-2021,0.25174775566491747,0.282822550353266,0.24899572415807336,0.2788305897405399,4465800.533596838,265597498.1670497
Sep-20-2021,0.28206068674265683,0.29000647988038697,0.24890740570120107,0.2518484045712252,4292546.212669684,277262711.94772804
Sep-19-2021,0.33432907096384823,0.3343837635372483,0.2802494022144589,0.282174460095358,3836115.918224299,303080760.36790717
Sep-18-2021,0.3466538385718896,0.34824809201780577,0.33047636979111306,0.3342855748124597,2759232.3727477477,339127459.9245331
Sep-17-2021,0.3309204613668231,0.35177268754982227,0.3305168673508247,0.34593297568766507,4027130.4497716897,341953195.9286004
Sep-16-2021,0.3754477965110011,0.38072855343317946,0.32367161030797287,0.3309204613668231,5216586.223577236,347282575.5167716
Sep-15-2021,0.3614331278301212,0.36945833594398847,0.34712032119985803,0.3534726656970316,4082018.4264705884,359197464.01961005
Sep-14-2021,0.3536807185428309,0.3752789305091962,0.3536807185428309,0.3616502243868101,4782279.724358974,365908793.8150197
Sep-13-2021,0.4022767718364909,0.4022767718364909,0.3456159476556978,0.3536807185428309,3818761.2075688075,382248035.9538479
Sep-12-2021,0.4134349519503224,0.41490645594228986,0.37360458286280895,0.4022532683165012,4874349.457627119,391401820.5184818
Sep-11-2021,0.44607167915952994,0.44607167915952994,0.40832541679505935,0.4133401839040899,5037709.125,429613445.2520163
Sep-10-2021,0.3999792501488866,0.4685902182549103,0.3999792501488866,0.4454632527852456,8084417.943089431,439997609.9007962
Sep-09-2021,0.4529342422791348,0.45846620757936846,0.3738575835184593,0.3975118210898285,9923494.38983051,423720123.8521532
Sep-08-2021,0.3770750000000005,0.5049272890644809,0.3758299116329571,0.459665886985148,9618015.340425532,429722606.9659419
Sep-07-2021,0.3809000000000045,0.3840500000000027,0.3039750000000009,0.3804249999999976,10188895.754273504,348646205.5623929
Sep-06-2021,0.4188000000000033,0.47297499999999065,0.3373249999999948,0.3793500000000021,9516345.907725321,413386944.2369095
Sep-05-2021,0.36682500000000207,0.4165249999999933,0.3526999999999973,0.4164500000000061,3404936.1967592593,373742305.6111112
Sep-04-2021,0.35383285770301875,0.36679999999999335,0.3405000000000027,0.3652750000000057,2179984.037914692,352764585.14289755
Sep-03-2021,0.3484499999999958,0.3651999999999993,0.3420999999999985,0.35383285770301875,3339639.8412162163,353281411.4727262
Sep-02-2021,0.35967500000000485,0.3672500000000029,0.3339000000000016,0.3484499999999958,3451763.380733945,352991982.50642234
Sep-01-2021,0.3587575339100422,0.3710145022504343,0.3483749999999955,0.35710000000000497,3738351.71875,362296590.0028614
Aug-31-2021,0.32034613178359783,0.3644881226168578,0.31794436445543683,0.3581218948055763,4833402.361471862,340702437.59701395
Aug-30-2021,0.34247958844508136,0.36483540257034847,0.31855011385701926,0.32034613178359783,6234835.901345291,346410599.6132901
Aug-29-2021,0.3621649051083775,0.3863194923473226,0.34139562819094854,0.34247958844508136,4716997.07231405,366503156.12858725
Aug-28-2021,0.348504091335374,0.379134161337414,0.3329226754284816,0.362841925024306,6828161.674641148,350037485.2530074
Aug-27-2021,0.29980496103462084,0.366843176411145,0.29980496103462084,0.348504091335374,8319842.913333333,338354973.1615755
Aug-26-2021,0.2593954006226433,0.2998771129566883,0.25166018544647195,0.29980496103462084,3297258.343073593,273226774.8912652
Aug-25-2021,0.286722269305196,0.2871441928895775,0.2423153848381408,0.2593954006226433,3938031.9782157675,258949178.7753536
Aug-24-2021,0.2732827813153175,0.29120632893628,0.2583583345449372,0.286722269305196,3895137.364107884,274411190.1092992
Aug-23-2021,0.3133638049646912,0.3181496890598996,0.26786540439336953,0.2732827813153175,3200738.0148305083,293513573.65789056
Aug-22-2021,0.31345314595978213,0.31813556535654663,0.2924924559510313,0.3106136017460941,4660134.848863636,308085460.45511836
Aug-21-2021,0.28351488050947715,0.3309730757497434,0.2753080628557648,0.31345314595978213,5509899.169603524,307188429.95347595
Aug-20-2021,0.24379999999999935,0.3000243086224195,0.24212632853363503,0.28351488050947715,3447130.080321285,272016104.03848
Aug-19-2021,0.23227051591803943,0.2552089606580774,0.23014213642152184,0.24379999999999935,3145453.4797008545,242785688.10199833
Aug-18-2021,0.2139749999999989,0.23533191591306857,0.2109999999999998,0.23115752377402715,3295137.379237288,219914767.41772625
Aug-17-2021,0.2080249999999985,0.22789999999999924,0.19659999999999844,0.2139749999999989,3617417.4819915253,209302860.1694916
Aug-16-2021,0.23245000000000235,0.25015000000000115,0.20470000000000196,0.2080249999999985,4785332.097560976,229533231.70731688
Aug-15-2021,0.23694232585092068,0.26705,0.23134999999999847,0.23347499999999816,4629296.396361876,246198605.08414328
Aug-14-2021,0.2199,0.24705,0.1999664504845255,0.2363974438689706,2399445.163143552,211665114.6262444
Aug-13-2021,0.2623,0.2623,0.21031396491079266,0.2199,5127122.938727636,233440851.64400545
Aug-12-2021,0.221825,0.267775,0.2091857402619405,0.2623,6719941.744755718,232436688.18333483
Aug-11-2021,0.21736713993843837,0.24126912778540638,0.179975,0.221825,6136160.174900315,212880674.88957292